{"cameraMode":{"drawMode":0,"name":"Shaded","section":"Shading Mode"},"sceneLighting":false,"audioPlay":false,"sceneViewState":{"showFog":true,"showMaterialUpdate":false,"showSkybox":false,"showFlares":true,"showImageEffects":true,"showParticleSystems":true},"in2DMode":false,"pivot":{"x":2.1559998989105226,"y":1.0,"z":-100.99309539794922},"rotation":{"x":-0.0039718965999782089,"y":-0.9774800539016724,"z":0.21019206941127778,"w":-0.018469493836164476},"size":3.410796642303467,"orthographic":false}